Search time,0
Network,Dynamics Accuracy
RBN433,0.990909090909091
RBN383,0.990909090909091
RBN424,0.990909090909091
RBN411,0.990909090909091
RBN384,0.990909090909091
RBN396,0.990909090909091
