Search time,0
Network,Dynamics Accuracy
RBN186,0.990909090909091
RBN178,0.990909090909091
RBN173,0.990909090909091
