Search time,0
Network,Dynamics Accuracy
RBN167,0.990909090909091
RBN161,0.990909090909091
RBN132,0.990909090909091
RBN168,0.990909090909091
RBN171,0.990909090909091
RBN169,0.990909090909091
