Search time,0
Network,Dynamics Accuracy
RBN233,0.990909090909091
RBN229,0.990909090909091
RBN221,0.990909090909091
RBN234,0.990909090909091
RBN236,0.990909090909091
