ID,Precision,Recall,Accuracy
0,0.7142857142857143,0.29411764705882354,0.8444444444444444
avg,0.7142857142857143,0.29411764705882354,0.8444444444444444
