Search time,0
Network,Dynamics Accuracy
RBN221,0.9090909090909091
RBN200,0.9090909090909091
