Search time,0
Network,Dynamics Accuracy
RBN246,0.990909090909091
RBN226,0.990909090909091
RBN239,0.990909090909091
