Search time,0
Network,Dynamics Accuracy
RBN394,0.990909090909091
RBN383,0.990909090909091
RBN399,0.990909090909091
RBN390,0.990909090909091
