Search time,0
Network,Dynamics Accuracy
RBN130,0.8727272727272728
RBN131,0.8727272727272728
RBN121,0.8727272727272728
RBN125,0.8727272727272728
RBN133,0.8727272727272728
