Search time,0
Network,Dynamics Accuracy
RBN187,0.990909090909091
RBN186,0.990909090909091
RBN180,0.990909090909091
RBN175,0.990909090909091
