Search time,0
Network,Dynamics Accuracy
RBN121,0.9727272727272728
RBN170,0.9727272727272728
