ID,Precision,Recall,Accuracy
0,0.7,0.6363636363636364,0.9222222222222223
1,0.7,0.6363636363636364,0.9222222222222223
avg,0.7,0.6363636363636364,0.9222222222222223
