Search time,0
Network,Dynamics Accuracy
RBN142,0.990909090909091
RBN150,0.990909090909091
