Search time,0
Network,Dynamics Accuracy
RBN299,0.990909090909091
RBN343,0.990909090909091
RBN351,0.990909090909091
RBN350,0.990909090909091
