Search time,0
Network,Dynamics Accuracy
RBN179,0.990909090909091
RBN166,0.990909090909091
RBN172,0.990909090909091
