Search time,0
Network,Dynamics Accuracy
RBN156,0.990909090909091
RBN132,0.990909090909091
RBN154,0.990909090909091
RBN143,0.990909090909091
RBN157,0.990909090909091
