Search time,0
Network,Dynamics Accuracy
RBN136,0.990909090909091
RBN132,0.990909090909091
