Search time,0
Network,Dynamics Accuracy
RBN155,0.990909090909091
RBN149,0.990909090909091
RBN136,0.990909090909091
RBN157,0.990909090909091
