Search time,0
Network,Dynamics Accuracy
RBN220,0.990909090909091
RBN221,0.990909090909091
RBN214,0.990909090909091
RBN210,0.990909090909091
RBN224,0.990909090909091
