Search time,0
Network,Dynamics Accuracy
RBN157,0.9090909090909091
RBN176,0.9090909090909091
