Search time,0
Network,Dynamics Accuracy
RBN197,0.990909090909091
RBN202,0.990909090909091
RBN207,0.990909090909091
RBN191,0.990909090909091
