Search time,9416
Network,Dynamics Accuracy
RBN241,0.990909090909091
RBN233,0.990909090909091
RBN222,0.990909090909091
