Search time,0
Network,Dynamics Accuracy
RBN125,0.990909090909091
RBN120,0.990909090909091
RBN147,0.990909090909091
