Search time,0
Network,Dynamics Accuracy
RBN221,0.9818181818181818
RBN232,0.9818181818181818
RBN208,0.9818181818181818
