Search time,4
Network,Dynamics Accuracy
RBN3808,0.990909090909091
RBN3995,0.990909090909091
RBN3996,0.990909090909091
RBN3968,0.990909090909091
