Search time,0
Network,Dynamics Accuracy
RBN157,0.990909090909091
RBN160,0.990909090909091
RBN163,0.990909090909091
RBN148,0.990909090909091
RBN164,0.990909090909091
