Search time,1511
Network,Dynamics Accuracy
RBN3,0.8333333333333334
RBN4,0.8333333333333334
RBN1,0.8333333333333334
RBN2,0.8333333333333334
RBN7,0.8333333333333334
RBN8,0.8333333333333334
RBN5,0.8333333333333334
RBN6,0.8333333333333334
