Search time,0
Network,Dynamics Accuracy
RBN156,0.990909090909091
RBN151,0.990909090909091
RBN144,0.990909090909091
