Search time,1
Network,Dynamics Accuracy
RBN383,0.990909090909091
RBN285,0.990909090909091
