Search time,0
Network,Dynamics Accuracy
RBN187,0.990909090909091
RBN156,0.990909090909091
RBN193,0.990909090909091
RBN194,0.990909090909091
