Search time,0
Network,Dynamics Accuracy
RBN137,0.990909090909091
RBN143,0.990909090909091
