ID,Precision,Recall,Accuracy
0,0.6,0.5454545454545454,0.9
1,0.5454545454545454,0.5454545454545454,0.8888888888888888
avg,0.5727272727272728,0.5454545454545454,0.8944444444444444
