ID,Precision,Recall,Accuracy
0,1.0,0.35294117647058826,0.8777777777777778
avg,1.0,0.35294117647058826,0.8777777777777778
